"LOCATION","INDICATOR","SUBJECT","MEASURE","FREQUENCY","TIME","Value","Flag Codes"
"AUS","INDPROD","TOT","IDX2015","A","1990",58.59795,
"AUS","INDPROD","TOT","IDX2015","A","1991",57.84923,
"AUS","INDPROD","TOT","IDX2015","A","1992",58.0444,
"AUS","INDPROD","TOT","IDX2015","A","1993",59.86675,
"AUS","INDPROD","TOT","IDX2015","A","1994",62.75886,
"AUS","INDPROD","TOT","IDX2015","A","1995",64.30363,
"AUS","INDPROD","TOT","IDX2015","A","1996",66.79794,
"AUS","INDPROD","TOT","IDX2015","A","1997",67.68529,
"AUS","INDPROD","TOT","IDX2015","A","1998",69.94959,
"AUS","INDPROD","TOT","IDX2015","A","1999",70.69952,
"AUS","INDPROD","TOT","IDX2015","A","2000",74.44079,
"AUS","INDPROD","TOT","IDX2015","A","2001",75.3633,
"AUS","INDPROD","TOT","IDX2015","A","2002",77.50182,
"AUS","INDPROD","TOT","IDX2015","A","2003",77.55586,
"AUS","INDPROD","TOT","IDX2015","A","2004",78.17755,
"AUS","INDPROD","TOT","IDX2015","A","2005",79.55439,
"AUS","INDPROD","TOT","IDX2015","A","2006",80.83267,
"AUS","INDPROD","TOT","IDX2015","A","2007",83.68723,
"AUS","INDPROD","TOT","IDX2015","A","2008",86.17056,
"AUS","INDPROD","TOT","IDX2015","A","2009",85.1338,
"AUS","INDPROD","TOT","IDX2015","A","2010",88.63781,
"AUS","INDPROD","TOT","IDX2015","A","2011",89.38859,
"AUS","INDPROD","TOT","IDX2015","A","2012",92.24032,
"AUS","INDPROD","TOT","IDX2015","A","2013",94.06429,
"AUS","INDPROD","TOT","IDX2015","A","2014",98.3616,
"AUS","INDPROD","TOT","IDX2015","A","2015",100,
"AUS","INDPROD","TOT","IDX2015","A","2016",101.8573,
"AUS","INDPROD","TOT","IDX2015","A","2017",103.1376,
"AUS","INDPROD","TOT","IDX2015","A","2018",107.0956,
"AUS","INDPROD","TOT","IDX2015","A","2019",109.6232,
"AUT","INDPROD","TOT","IDX2015","A","1990",48.32243,
"AUT","INDPROD","TOT","IDX2015","A","1991",49.15478,
"AUT","INDPROD","TOT","IDX2015","A","1992",48.56783,
"AUT","INDPROD","TOT","IDX2015","A","1993",47.77639,
"AUT","INDPROD","TOT","IDX2015","A","1994",49.68603,
"AUT","INDPROD","TOT","IDX2015","A","1995",52.21178,
"AUT","INDPROD","TOT","IDX2015","A","1996",52.72519,
"AUT","INDPROD","TOT","IDX2015","A","1997",56.07999,
"AUT","INDPROD","TOT","IDX2015","A","1998",60.61925,
"AUT","INDPROD","TOT","IDX2015","A","1999",64.24792,
"AUT","INDPROD","TOT","IDX2015","A","2000",70.08801,
"AUT","INDPROD","TOT","IDX2015","A","2001",72.21729,
"AUT","INDPROD","TOT","IDX2015","A","2002",72.70339,
"AUT","INDPROD","TOT","IDX2015","A","2003",74.18224,
"AUT","INDPROD","TOT","IDX2015","A","2004",78.80366,
"AUT","INDPROD","TOT","IDX2015","A","2005",82.1927,
"AUT","INDPROD","TOT","IDX2015","A","2006",88.56682,
"AUT","INDPROD","TOT","IDX2015","A","2007",93.53741,
"AUT","INDPROD","TOT","IDX2015","A","2008",95.34489,
"AUT","INDPROD","TOT","IDX2015","A","2009",84.71906,
"AUT","INDPROD","TOT","IDX2015","A","2010",90.61674,
"AUT","INDPROD","TOT","IDX2015","A","2011",95.99155,
"AUT","INDPROD","TOT","IDX2015","A","2012",97.53906,
"AUT","INDPROD","TOT","IDX2015","A","2013",97.94671,
"AUT","INDPROD","TOT","IDX2015","A","2014",97.91651,
"AUT","INDPROD","TOT","IDX2015","A","2015",100,
"AUT","INDPROD","TOT","IDX2015","A","2016",102.4083,
"AUT","INDPROD","TOT","IDX2015","A","2017",107.575,
"AUT","INDPROD","TOT","IDX2015","A","2018",112.7167,
"AUT","INDPROD","TOT","IDX2015","A","2019",113.2,
"BEL","INDPROD","TOT","IDX2015","A","1990",61.19147,
"BEL","INDPROD","TOT","IDX2015","A","1991",60.00388,
"BEL","INDPROD","TOT","IDX2015","A","1992",59.76233,
"BEL","INDPROD","TOT","IDX2015","A","1993",56.70275,
"BEL","INDPROD","TOT","IDX2015","A","1994",57.88532,
"BEL","INDPROD","TOT","IDX2015","A","1995",61.62424,
"BEL","INDPROD","TOT","IDX2015","A","1996",61.94127,
"BEL","INDPROD","TOT","IDX2015","A","1997",64.82975,
"BEL","INDPROD","TOT","IDX2015","A","1998",67.01875,
"BEL","INDPROD","TOT","IDX2015","A","1999",67.61758,
"BEL","INDPROD","TOT","IDX2015","A","2000",71.23573,
"BEL","INDPROD","TOT","IDX2015","A","2001",74.3688,
"BEL","INDPROD","TOT","IDX2015","A","2002",74.61045,
"BEL","INDPROD","TOT","IDX2015","A","2003",75.76868,
"BEL","INDPROD","TOT","IDX2015","A","2004",81.14323,
"BEL","INDPROD","TOT","IDX2015","A","2005",83.87634,
"BEL","INDPROD","TOT","IDX2015","A","2006",88.94259,
"BEL","INDPROD","TOT","IDX2015","A","2007",95.98367,
"BEL","INDPROD","TOT","IDX2015","A","2008",99.88335,
"BEL","INDPROD","TOT","IDX2015","A","2009",88.65928,
"BEL","INDPROD","TOT","IDX2015","A","2010",96.99192,
"BEL","INDPROD","TOT","IDX2015","A","2011",101.5082,
"BEL","INDPROD","TOT","IDX2015","A","2012",99.81668,
"BEL","INDPROD","TOT","IDX2015","A","2013",99.31673,
"BEL","INDPROD","TOT","IDX2015","A","2014",100.6666,
"BEL","INDPROD","TOT","IDX2015","A","2015",100,
"BEL","INDPROD","TOT","IDX2015","A","2016",104.4746,
"BEL","INDPROD","TOT","IDX2015","A","2017",107.2411,
"BEL","INDPROD","TOT","IDX2015","A","2018",108.6993,
"BEL","INDPROD","TOT","IDX2015","A","2019",113.9572,
"CAN","INDPROD","TOT","IDX2015","A","1990",68.45214,
"CAN","INDPROD","TOT","IDX2015","A","1991",65.83945,
"CAN","INDPROD","TOT","IDX2015","A","1992",66.54071,
"CAN","INDPROD","TOT","IDX2015","A","1993",69.55181,
"CAN","INDPROD","TOT","IDX2015","A","1994",74.03701,
"CAN","INDPROD","TOT","IDX2015","A","1995",77.39639,
"CAN","INDPROD","TOT","IDX2015","A","1996",78.31631,
"CAN","INDPROD","TOT","IDX2015","A","1997",82.73647,
"CAN","INDPROD","TOT","IDX2015","A","1998",85.41064,
"CAN","INDPROD","TOT","IDX2015","A","1999",90.46307,
"CAN","INDPROD","TOT","IDX2015","A","2000",96.83224,
"CAN","INDPROD","TOT","IDX2015","A","2001",93.7872,
"CAN","INDPROD","TOT","IDX2015","A","2002",95.56929,
"CAN","INDPROD","TOT","IDX2015","A","2003",95.65697,
"CAN","INDPROD","TOT","IDX2015","A","2004",97.75493,
"CAN","INDPROD","TOT","IDX2015","A","2005",99.97868,
"CAN","INDPROD","TOT","IDX2015","A","2006",99.77518,
"CAN","INDPROD","TOT","IDX2015","A","2007",98.354,
"CAN","INDPROD","TOT","IDX2015","A","2008",95.09732,
"CAN","INDPROD","TOT","IDX2015","A","2009",84.85164,
"CAN","INDPROD","TOT","IDX2015","A","2010",89.93976,
"CAN","INDPROD","TOT","IDX2015","A","2011",94.22417,
"CAN","INDPROD","TOT","IDX2015","A","2012",94.09346,
"CAN","INDPROD","TOT","IDX2015","A","2013",95.71469,
"CAN","INDPROD","TOT","IDX2015","A","2014",100.4259,
"CAN","INDPROD","TOT","IDX2015","A","2015",100,
"CAN","INDPROD","TOT","IDX2015","A","2016",100.0519,
"CAN","INDPROD","TOT","IDX2015","A","2017",105.5242,
"CAN","INDPROD","TOT","IDX2015","A","2018",109.6565,
"CAN","INDPROD","TOT","IDX2015","A","2019",109.2726,
"CZE","INDPROD","TOT","IDX2015","A","1990",72.50998,
"CZE","INDPROD","TOT","IDX2015","A","1991",56.61532,
"CZE","INDPROD","TOT","IDX2015","A","1992",52.09548,
"CZE","INDPROD","TOT","IDX2015","A","1993",49.3571,
"CZE","INDPROD","TOT","IDX2015","A","1994",50.39227,
"CZE","INDPROD","TOT","IDX2015","A","1995",54.79174,
"CZE","INDPROD","TOT","IDX2015","A","1996",55.87442,
"CZE","INDPROD","TOT","IDX2015","A","1997",58.37325,
"CZE","INDPROD","TOT","IDX2015","A","1998",59.33259,
"CZE","INDPROD","TOT","IDX2015","A","1999",57.43219,
"CZE","INDPROD","TOT","IDX2015","A","2000",60.47326,
"CZE","INDPROD","TOT","IDX2015","A","2001",64.98917,
"CZE","INDPROD","TOT","IDX2015","A","2002",66.33061,
"CZE","INDPROD","TOT","IDX2015","A","2003",68.74687,
"CZE","INDPROD","TOT","IDX2015","A","2004",75.91235,
"CZE","INDPROD","TOT","IDX2015","A","2005",78.87019,
"CZE","INDPROD","TOT","IDX2015","A","2006",85.40244,
"CZE","INDPROD","TOT","IDX2015","A","2007",94.49258,
"CZE","INDPROD","TOT","IDX2015","A","2008",92.78454,
"CZE","INDPROD","TOT","IDX2015","A","2009",80.13664,
"CZE","INDPROD","TOT","IDX2015","A","2010",87.05215,
"CZE","INDPROD","TOT","IDX2015","A","2011",92.18464,
"CZE","INDPROD","TOT","IDX2015","A","2012",91.40977,
"CZE","INDPROD","TOT","IDX2015","A","2013",91.34311,
"CZE","INDPROD","TOT","IDX2015","A","2014",95.86736,
"CZE","INDPROD","TOT","IDX2015","A","2015",100,
"CZE","INDPROD","TOT","IDX2015","A","2016",103.4078,
"CZE","INDPROD","TOT","IDX2015","A","2017",110.115,
"CZE","INDPROD","TOT","IDX2015","A","2018",113.4728,
"CZE","INDPROD","TOT","IDX2015","A","2019",113.2395,
"DNK","INDPROD","TOT","IDX2015","A","1990",81.63337,
"DNK","INDPROD","TOT","IDX2015","A","1991",81.72351,
"DNK","INDPROD","TOT","IDX2015","A","1992",84.25322,
"DNK","INDPROD","TOT","IDX2015","A","1993",81.09662,
"DNK","INDPROD","TOT","IDX2015","A","1994",89.39705,
"DNK","INDPROD","TOT","IDX2015","A","1995",92.92979,
"DNK","INDPROD","TOT","IDX2015","A","1996",94.19096,
"DNK","INDPROD","TOT","IDX2015","A","1997",98.7333,
"DNK","INDPROD","TOT","IDX2015","A","1998",101.6416,
"DNK","INDPROD","TOT","IDX2015","A","1999",101.8735,
"DNK","INDPROD","TOT","IDX2015","A","2000",109.8333,
"DNK","INDPROD","TOT","IDX2015","A","2001",112.4417,
"DNK","INDPROD","TOT","IDX2015","A","2002",113.9667,
"DNK","INDPROD","TOT","IDX2015","A","2003",113.975,
"DNK","INDPROD","TOT","IDX2015","A","2004",112.375,
"DNK","INDPROD","TOT","IDX2015","A","2005",115.7,
"DNK","INDPROD","TOT","IDX2015","A","2006",119.6333,
"DNK","INDPROD","TOT","IDX2015","A","2007",115.4333,
"DNK","INDPROD","TOT","IDX2015","A","2008",112.7667,
"DNK","INDPROD","TOT","IDX2015","A","2009",96.56667,
"DNK","INDPROD","TOT","IDX2015","A","2010",98.625,
"DNK","INDPROD","TOT","IDX2015","A","2011",99.75,
"DNK","INDPROD","TOT","IDX2015","A","2012",99.56667,
"DNK","INDPROD","TOT","IDX2015","A","2013",99.25833,
"DNK","INDPROD","TOT","IDX2015","A","2014",99.93333,
"DNK","INDPROD","TOT","IDX2015","A","2015",100,
"DNK","INDPROD","TOT","IDX2015","A","2016",104.1833,
"DNK","INDPROD","TOT","IDX2015","A","2017",106.275,
"DNK","INDPROD","TOT","IDX2015","A","2018",108.4167,
"DNK","INDPROD","TOT","IDX2015","A","2019",111.325,
"FIN","INDPROD","TOT","IDX2015","A","1990",67.65047,
"FIN","INDPROD","TOT","IDX2015","A","1991",61.77142,
"FIN","INDPROD","TOT","IDX2015","A","1992",62.35804,
"FIN","INDPROD","TOT","IDX2015","A","1993",65.54176,
"FIN","INDPROD","TOT","IDX2015","A","1994",72.9218,
"FIN","INDPROD","TOT","IDX2015","A","1995",77.60833,
"FIN","INDPROD","TOT","IDX2015","A","1996",78.73333,
"FIN","INDPROD","TOT","IDX2015","A","1997",83.9,
"FIN","INDPROD","TOT","IDX2015","A","1998",88.8,
"FIN","INDPROD","TOT","IDX2015","A","1999",92.13333,
"FIN","INDPROD","TOT","IDX2015","A","2000",99.85,
"FIN","INDPROD","TOT","IDX2015","A","2001",99.90833,
"FIN","INDPROD","TOT","IDX2015","A","2002",101.2833,
"FIN","INDPROD","TOT","IDX2015","A","2003",101.2583,
"FIN","INDPROD","TOT","IDX2015","A","2004",106.6333,
"FIN","INDPROD","TOT","IDX2015","A","2005",105.6333,
"FIN","INDPROD","TOT","IDX2015","A","2006",116.2667,
"FIN","INDPROD","TOT","IDX2015","A","2007",121.7,
"FIN","INDPROD","TOT","IDX2015","A","2008",123.075,
"FIN","INDPROD","TOT","IDX2015","A","2009",100.8917,
"FIN","INDPROD","TOT","IDX2015","A","2010",106.625,
"FIN","INDPROD","TOT","IDX2015","A","2011",108.4,
"FIN","INDPROD","TOT","IDX2015","A","2012",106.0667,
"FIN","INDPROD","TOT","IDX2015","A","2013",102.7833,
"FIN","INDPROD","TOT","IDX2015","A","2014",100.925,
"FIN","INDPROD","TOT","IDX2015","A","2015",100,
"FIN","INDPROD","TOT","IDX2015","A","2016",104.15,
"FIN","INDPROD","TOT","IDX2015","A","2017",107.5,
"FIN","INDPROD","TOT","IDX2015","A","2018",111.2333,
"FIN","INDPROD","TOT","IDX2015","A","2019",113.3667,
"FRA","INDPROD","TOT","IDX2015","A","1990",91.68327,
"FRA","INDPROD","TOT","IDX2015","A","1991",91.58576,
"FRA","INDPROD","TOT","IDX2015","A","1992",90.88159,
"FRA","INDPROD","TOT","IDX2015","A","1993",87.4649,
"FRA","INDPROD","TOT","IDX2015","A","1994",90.70409,
"FRA","INDPROD","TOT","IDX2015","A","1995",93.38744,
"FRA","INDPROD","TOT","IDX2015","A","1996",94.16412,
"FRA","INDPROD","TOT","IDX2015","A","1997",98.19832,
"FRA","INDPROD","TOT","IDX2015","A","1998",102.2458,
"FRA","INDPROD","TOT","IDX2015","A","1999",104.95,
"FRA","INDPROD","TOT","IDX2015","A","2000",109.2617,
"FRA","INDPROD","TOT","IDX2015","A","2001",110.4926,
"FRA","INDPROD","TOT","IDX2015","A","2002",109.1867,
"FRA","INDPROD","TOT","IDX2015","A","2003",108.1792,
"FRA","INDPROD","TOT","IDX2015","A","2004",110.6034,
"FRA","INDPROD","TOT","IDX2015","A","2005",110.4684,
"FRA","INDPROD","TOT","IDX2015","A","2006",111.2818,
"FRA","INDPROD","TOT","IDX2015","A","2007",112.5468,
"FRA","INDPROD","TOT","IDX2015","A","2008",109.5209,
"FRA","INDPROD","TOT","IDX2015","A","2009",95.51413,
"FRA","INDPROD","TOT","IDX2015","A","2010",100.1117,
"FRA","INDPROD","TOT","IDX2015","A","2011",102.5692,
"FRA","INDPROD","TOT","IDX2015","A","2012",100.1183,
"FRA","INDPROD","TOT","IDX2015","A","2013",99.45166,
"FRA","INDPROD","TOT","IDX2015","A","2014",98.34165,
"FRA","INDPROD","TOT","IDX2015","A","2015",100,
"FRA","INDPROD","TOT","IDX2015","A","2016",100.52,
"FRA","INDPROD","TOT","IDX2015","A","2017",102.5334,
"FRA","INDPROD","TOT","IDX2015","A","2018",103.0084,
"FRA","INDPROD","TOT","IDX2015","A","2019",103.3034,
"DEU","INDPROD","TOT","IDX2015","A","1990",71.93618,
"DEU","INDPROD","TOT","IDX2015","A","1991",74.00217,
"DEU","INDPROD","TOT","IDX2015","A","1992",72.98559,
"DEU","INDPROD","TOT","IDX2015","A","1993",67.06941,
"DEU","INDPROD","TOT","IDX2015","A","1994",69.17757,
"DEU","INDPROD","TOT","IDX2015","A","1995",69.78585,
"DEU","INDPROD","TOT","IDX2015","A","1996",69.38589,
"DEU","INDPROD","TOT","IDX2015","A","1997",71.76069,
"DEU","INDPROD","TOT","IDX2015","A","1998",75.01041,
"DEU","INDPROD","TOT","IDX2015","A","1999",76.16032,
"DEU","INDPROD","TOT","IDX2015","A","2000",80.3933,
"DEU","INDPROD","TOT","IDX2015","A","2001",80.45163,
"DEU","INDPROD","TOT","IDX2015","A","2002",79.46004,
"DEU","INDPROD","TOT","IDX2015","A","2003",79.6767,
"DEU","INDPROD","TOT","IDX2015","A","2004",83.14307,
"DEU","INDPROD","TOT","IDX2015","A","2005",85.91784,
"DEU","INDPROD","TOT","IDX2015","A","2006",90.85909,
"DEU","INDPROD","TOT","IDX2015","A","2007",96.85027,
"DEU","INDPROD","TOT","IDX2015","A","2008",97.72519,
"DEU","INDPROD","TOT","IDX2015","A","2009",80.76827,
"DEU","INDPROD","TOT","IDX2015","A","2010",90.44247,
"DEU","INDPROD","TOT","IDX2015","A","2011",98.14182,
"DEU","INDPROD","TOT","IDX2015","A","2012",97.05025,
"DEU","INDPROD","TOT","IDX2015","A","2013",97.02525,
"DEU","INDPROD","TOT","IDX2015","A","2014",98.95009,
"DEU","INDPROD","TOT","IDX2015","A","2015",100,
"DEU","INDPROD","TOT","IDX2015","A","2016",101.5082,
"DEU","INDPROD","TOT","IDX2015","A","2017",104.4913,
"DEU","INDPROD","TOT","IDX2015","A","2018",105.6995,
"DEU","INDPROD","TOT","IDX2015","A","2019",101.2249,
"GRC","INDPROD","TOT","IDX2015","A","1990",116.8105,
"GRC","INDPROD","TOT","IDX2015","A","1991",115.6516,
"GRC","INDPROD","TOT","IDX2015","A","1992",114.4398,
"GRC","INDPROD","TOT","IDX2015","A","1993",111.1668,
"GRC","INDPROD","TOT","IDX2015","A","1994",112.5821,
"GRC","INDPROD","TOT","IDX2015","A","1995",114.6521,
"GRC","INDPROD","TOT","IDX2015","A","1996",115.6897,
"GRC","INDPROD","TOT","IDX2015","A","1997",117.8967,
"GRC","INDPROD","TOT","IDX2015","A","1998",128.4522,
"GRC","INDPROD","TOT","IDX2015","A","1999",130.9392,
"GRC","INDPROD","TOT","IDX2015","A","2000",140.225,
"GRC","INDPROD","TOT","IDX2015","A","2001",135.5417,
"GRC","INDPROD","TOT","IDX2015","A","2002",135.825,
"GRC","INDPROD","TOT","IDX2015","A","2003",136.475,
"GRC","INDPROD","TOT","IDX2015","A","2004",137.4,
"GRC","INDPROD","TOT","IDX2015","A","2005",135.2167,
"GRC","INDPROD","TOT","IDX2015","A","2006",136.325,
"GRC","INDPROD","TOT","IDX2015","A","2007",139.425,
"GRC","INDPROD","TOT","IDX2015","A","2008",133.55,
"GRC","INDPROD","TOT","IDX2015","A","2009",120.6,
"GRC","INDPROD","TOT","IDX2015","A","2010",113.2167,
"GRC","INDPROD","TOT","IDX2015","A","2011",106.5917,
"GRC","INDPROD","TOT","IDX2015","A","2012",104.375,
"GRC","INDPROD","TOT","IDX2015","A","2013",101.0333,
"GRC","INDPROD","TOT","IDX2015","A","2014",99.00833,
"GRC","INDPROD","TOT","IDX2015","A","2015",100,
"GRC","INDPROD","TOT","IDX2015","A","2016",102.6417,
"GRC","INDPROD","TOT","IDX2015","A","2017",106.8583,
"GRC","INDPROD","TOT","IDX2015","A","2018",108.7667,
"HUN","INDPROD","TOT","IDX2015","A","1990",39.82256,
"HUN","INDPROD","TOT","IDX2015","A","1991",32.61227,
"HUN","INDPROD","TOT","IDX2015","A","1992",29.29994,
"HUN","INDPROD","TOT","IDX2015","A","1993",30.47184,
"HUN","INDPROD","TOT","IDX2015","A","1994",33.30149,
"HUN","INDPROD","TOT","IDX2015","A","1995",35.13991,
"HUN","INDPROD","TOT","IDX2015","A","1996",36.09452,
"HUN","INDPROD","TOT","IDX2015","A","1997",39.98865,
"HUN","INDPROD","TOT","IDX2015","A","1998",44.92528,
"HUN","INDPROD","TOT","IDX2015","A","1999",49.31754,
"HUN","INDPROD","TOT","IDX2015","A","2000",58.16318,
"HUN","INDPROD","TOT","IDX2015","A","2001",60.57171,
"HUN","INDPROD","TOT","IDX2015","A","2002",62.48021,
"HUN","INDPROD","TOT","IDX2015","A","2003",66.45554,
"HUN","INDPROD","TOT","IDX2015","A","2004",71.15593,
"HUN","INDPROD","TOT","IDX2015","A","2005",76.13968,
"HUN","INDPROD","TOT","IDX2015","A","2006",84.23202,
"HUN","INDPROD","TOT","IDX2015","A","2007",91.14093,
"HUN","INDPROD","TOT","IDX2015","A","2008",90.49088,
"HUN","INDPROD","TOT","IDX2015","A","2009",74.37286,
"HUN","INDPROD","TOT","IDX2015","A","2010",82.14017,
"HUN","INDPROD","TOT","IDX2015","A","2011",86.74056,
"HUN","INDPROD","TOT","IDX2015","A","2012",85.66547,
"HUN","INDPROD","TOT","IDX2015","A","2013",86.89057,
"HUN","INDPROD","TOT","IDX2015","A","2014",93.15776,
"HUN","INDPROD","TOT","IDX2015","A","2015",99.6583,
"HUN","INDPROD","TOT","IDX2015","A","2016",100.425,
"HUN","INDPROD","TOT","IDX2015","A","2017",105.7838,
"HUN","INDPROD","TOT","IDX2015","A","2018",109.8342,
"HUN","INDPROD","TOT","IDX2015","A","2019",115.8763,
"ISL","INDPROD","TOT","IDX2015","A","1998",26.76421,"E"
"ISL","INDPROD","TOT","IDX2015","A","1999",27.76444,"E"
"ISL","INDPROD","TOT","IDX2015","A","2000",29.44048,"E"
"ISL","INDPROD","TOT","IDX2015","A","2001",34.76995,"E"
"ISL","INDPROD","TOT","IDX2015","A","2002",36.36345,"E"
"ISL","INDPROD","TOT","IDX2015","A","2003",35.17916,"E"
"ISL","INDPROD","TOT","IDX2015","A","2004",38.35827,"E"
"ISL","INDPROD","TOT","IDX2015","A","2005",43.11664,"E"
"ISL","INDPROD","TOT","IDX2015","A","2006",50.37931,"E"
"ISL","INDPROD","TOT","IDX2015","A","2007",50.68436,"E"
"ISL","INDPROD","TOT","IDX2015","A","2008",68.70467,"E"
"ISL","INDPROD","TOT","IDX2015","A","2009",71.25371,"E"
"ISL","INDPROD","TOT","IDX2015","A","2010",80.41565,"E"
"ISL","INDPROD","TOT","IDX2015","A","2011",90.15668,"E"
"ISL","INDPROD","TOT","IDX2015","A","2012",94.18347,"E"
"ISL","INDPROD","TOT","IDX2015","A","2013",90.39614,"E"
"ISL","INDPROD","TOT","IDX2015","A","2014",91.3866,"E"
"ISL","INDPROD","TOT","IDX2015","A","2015",100,"E"
"ISL","INDPROD","TOT","IDX2015","A","2016",90.99091,"E"
"ISL","INDPROD","TOT","IDX2015","A","2017",91.7965,"E"
"IRL","INDPROD","TOT","IDX2015","A","1990",13.50525,
"IRL","INDPROD","TOT","IDX2015","A","1991",13.96338,
"IRL","INDPROD","TOT","IDX2015","A","1992",15.23755,
"IRL","INDPROD","TOT","IDX2015","A","1993",16.07268,
"IRL","INDPROD","TOT","IDX2015","A","1994",18.00064,
"IRL","INDPROD","TOT","IDX2015","A","1995",21.48433,
"IRL","INDPROD","TOT","IDX2015","A","1996",23.2214,
"IRL","INDPROD","TOT","IDX2015","A","1997",27.28251,
"IRL","INDPROD","TOT","IDX2015","A","1998",32.66553,
"IRL","INDPROD","TOT","IDX2015","A","1999",37.50451,
"IRL","INDPROD","TOT","IDX2015","A","2000",42.86366,
"IRL","INDPROD","TOT","IDX2015","A","2001",47.58811,
"IRL","INDPROD","TOT","IDX2015","A","2002",51.47744,
"IRL","INDPROD","TOT","IDX2015","A","2003",54.38846,
"IRL","INDPROD","TOT","IDX2015","A","2004",55.06134,
"IRL","INDPROD","TOT","IDX2015","A","2005",57.24699,
"IRL","INDPROD","TOT","IDX2015","A","2006",58.99361,
"IRL","INDPROD","TOT","IDX2015","A","2007",62.08598,
"IRL","INDPROD","TOT","IDX2015","A","2008",60.74022,
"IRL","INDPROD","TOT","IDX2015","A","2009",58.02963,
"IRL","INDPROD","TOT","IDX2015","A","2010",62.95772,
"IRL","INDPROD","TOT","IDX2015","A","2011",62.68492,
"IRL","INDPROD","TOT","IDX2015","A","2012",61.76686,
"IRL","INDPROD","TOT","IDX2015","A","2013",60.3924,
"IRL","INDPROD","TOT","IDX2015","A","2014",73.02486,
"IRL","INDPROD","TOT","IDX2015","A","2015",100,
"IRL","INDPROD","TOT","IDX2015","A","2016",101.7918,
"IRL","INDPROD","TOT","IDX2015","A","2017",99.51662,
"IRL","INDPROD","TOT","IDX2015","A","2018",94.58288,
"IRL","INDPROD","TOT","IDX2015","A","2019",97.2581,
"ITA","INDPROD","TOT","IDX2015","A","1990",110.5241,
"ITA","INDPROD","TOT","IDX2015","A","1991",109.4659,
"ITA","INDPROD","TOT","IDX2015","A","1992",108.316,
"ITA","INDPROD","TOT","IDX2015","A","1993",105.6579,
"ITA","INDPROD","TOT","IDX2015","A","1994",112.099,
"ITA","INDPROD","TOT","IDX2015","A","1995",118.7484,
"ITA","INDPROD","TOT","IDX2015","A","1996",116.7569,
"ITA","INDPROD","TOT","IDX2015","A","1997",121.2732,
"ITA","INDPROD","TOT","IDX2015","A","1998",122.7814,
"ITA","INDPROD","TOT","IDX2015","A","1999",122.4731,
"ITA","INDPROD","TOT","IDX2015","A","2000",127.6644,
"ITA","INDPROD","TOT","IDX2015","A","2001",125.4146,
"ITA","INDPROD","TOT","IDX2015","A","2002",123.5397,
"ITA","INDPROD","TOT","IDX2015","A","2003",122.7814,
"ITA","INDPROD","TOT","IDX2015","A","2004",122.5315,
"ITA","INDPROD","TOT","IDX2015","A","2005",121.7815,
"ITA","INDPROD","TOT","IDX2015","A","2006",126.1978,
"ITA","INDPROD","TOT","IDX2015","A","2007",129.1309,
"ITA","INDPROD","TOT","IDX2015","A","2008",123.798,
"ITA","INDPROD","TOT","IDX2015","A","2009",100.7916,
"ITA","INDPROD","TOT","IDX2015","A","2010",107.8327,
"ITA","INDPROD","TOT","IDX2015","A","2011",108.7076,
"ITA","INDPROD","TOT","IDX2015","A","2012",102.4415,
"ITA","INDPROD","TOT","IDX2015","A","2013",99.31673,
"ITA","INDPROD","TOT","IDX2015","A","2014",98.68344,
"ITA","INDPROD","TOT","IDX2015","A","2015",99.67503,
"ITA","INDPROD","TOT","IDX2015","A","2016",101.7332,
"ITA","INDPROD","TOT","IDX2015","A","2017",105.5412,
"ITA","INDPROD","TOT","IDX2015","A","2018",106.2328,
"ITA","INDPROD","TOT","IDX2015","A","2019",105.0496,
"JPN","INDPROD","TOT","IDX2015","A","1990",104.6469,
"JPN","INDPROD","TOT","IDX2015","A","1991",106.6413,
"JPN","INDPROD","TOT","IDX2015","A","1992",100.5482,
"JPN","INDPROD","TOT","IDX2015","A","1993",97.13407,
"JPN","INDPROD","TOT","IDX2015","A","1994",98.351,
"JPN","INDPROD","TOT","IDX2015","A","1995",101.3426,
"JPN","INDPROD","TOT","IDX2015","A","1996",103.5314,
"JPN","INDPROD","TOT","IDX2015","A","1997",107.6554,
"JPN","INDPROD","TOT","IDX2015","A","1998",100.4806,
"JPN","INDPROD","TOT","IDX2015","A","1999",101.0741,
"JPN","INDPROD","TOT","IDX2015","A","2000",106.0525,
"JPN","INDPROD","TOT","IDX2015","A","2001",99.62135,
"JPN","INDPROD","TOT","IDX2015","A","2002",98.45204,
"JPN","INDPROD","TOT","IDX2015","A","2003",102.2936,
"JPN","INDPROD","TOT","IDX2015","A","2004",107.1211,
"JPN","INDPROD","TOT","IDX2015","A","2005",108.8602,
"JPN","INDPROD","TOT","IDX2015","A","2006",113.2982,
"JPN","INDPROD","TOT","IDX2015","A","2007",116.6042,
"JPN","INDPROD","TOT","IDX2015","A","2008",112.8273,
"JPN","INDPROD","TOT","IDX2015","A","2009",89.39108,
"JPN","INDPROD","TOT","IDX2015","A","2010",102.7771,
"JPN","INDPROD","TOT","IDX2015","A","2011",99.92881,
"JPN","INDPROD","TOT","IDX2015","A","2012",100.0571,
"JPN","INDPROD","TOT","IDX2015","A","2013",99.45838,
"JPN","INDPROD","TOT","IDX2015","A","2014",101.2416,
"JPN","INDPROD","TOT","IDX2015","A","2015",100,
"JPN","INDPROD","TOT","IDX2015","A","2016",100.225,
"JPN","INDPROD","TOT","IDX2015","A","2017",102.8414,
"JPN","INDPROD","TOT","IDX2015","A","2018",103.908,
"JPN","INDPROD","TOT","IDX2015","A","2019",101.1916,
"KOR","INDPROD","TOT","IDX2015","A","1990",21.09908,
"KOR","INDPROD","TOT","IDX2015","A","1991",23.13299,
"KOR","INDPROD","TOT","IDX2015","A","1992",24.48938,
"KOR","INDPROD","TOT","IDX2015","A","1993",25.59528,
"KOR","INDPROD","TOT","IDX2015","A","1994",28.43871,
"KOR","INDPROD","TOT","IDX2015","A","1995",31.82443,
"KOR","INDPROD","TOT","IDX2015","A","1996",34.55495,
"KOR","INDPROD","TOT","IDX2015","A","1997",36.23756,
"KOR","INDPROD","TOT","IDX2015","A","1998",33.92992,
"KOR","INDPROD","TOT","IDX2015","A","1999",42.24406,
"KOR","INDPROD","TOT","IDX2015","A","2000",49.38072,
"KOR","INDPROD","TOT","IDX2015","A","2001",49.66444,
"KOR","INDPROD","TOT","IDX2015","A","2002",53.65353,
"KOR","INDPROD","TOT","IDX2015","A","2003",56.62003,
"KOR","INDPROD","TOT","IDX2015","A","2004",62.50462,
"KOR","INDPROD","TOT","IDX2015","A","2005",66.46096,
"KOR","INDPROD","TOT","IDX2015","A","2006",72.04974,
"KOR","INDPROD","TOT","IDX2015","A","2007",77.03483,
"KOR","INDPROD","TOT","IDX2015","A","2008",79.62686,
"KOR","INDPROD","TOT","IDX2015","A","2009",79.52712,
"KOR","INDPROD","TOT","IDX2015","A","2010",92.49912,
"KOR","INDPROD","TOT","IDX2015","A","2011",98.01058,
"KOR","INDPROD","TOT","IDX2015","A","2012",99.3673,
"KOR","INDPROD","TOT","IDX2015","A","2013",100.0457,
"KOR","INDPROD","TOT","IDX2015","A","2014",100.2691,
"KOR","INDPROD","TOT","IDX2015","A","2015",100,
"KOR","INDPROD","TOT","IDX2015","A","2016",102.1832,
"KOR","INDPROD","TOT","IDX2015","A","2017",104.7579,
"KOR","INDPROD","TOT","IDX2015","A","2018",106.3411,
"KOR","INDPROD","TOT","IDX2015","A","2019",106.3078,
"LUX","INDPROD","TOT","IDX2015","A","1990",73.0924,
"LUX","INDPROD","TOT","IDX2015","A","1991",73.34225,
"LUX","INDPROD","TOT","IDX2015","A","1992",72.75723,
"LUX","INDPROD","TOT","IDX2015","A","1993",69.63705,
"LUX","INDPROD","TOT","IDX2015","A","1994",73.76275,
"LUX","INDPROD","TOT","IDX2015","A","1995",74.78046,
"LUX","INDPROD","TOT","IDX2015","A","1996",74.8303,
"LUX","INDPROD","TOT","IDX2015","A","1997",79.16649,
"LUX","INDPROD","TOT","IDX2015","A","1998",79.11665,
"LUX","INDPROD","TOT","IDX2015","A","1999",88.21266,
"LUX","INDPROD","TOT","IDX2015","A","2000",91.97567,
"LUX","INDPROD","TOT","IDX2015","A","2001",96.31697,
"LUX","INDPROD","TOT","IDX2015","A","2002",100.9583,
"LUX","INDPROD","TOT","IDX2015","A","2003",106.1578,
"LUX","INDPROD","TOT","IDX2015","A","2004",111.2157,
"LUX","INDPROD","TOT","IDX2015","A","2005",114.1988,
"LUX","INDPROD","TOT","IDX2015","A","2006",116.9819,
"LUX","INDPROD","TOT","IDX2015","A","2007",116.5986,
"LUX","INDPROD","TOT","IDX2015","A","2008",110.6824,
"LUX","INDPROD","TOT","IDX2015","A","2009",92.93392,
"LUX","INDPROD","TOT","IDX2015","A","2010",100.9666,
"LUX","INDPROD","TOT","IDX2015","A","2011",102.7831,
"LUX","INDPROD","TOT","IDX2015","A","2012",97.66686,
"LUX","INDPROD","TOT","IDX2015","A","2013",94.73377,
"LUX","INDPROD","TOT","IDX2015","A","2014",98.90009,
"LUX","INDPROD","TOT","IDX2015","A","2015",100,
"LUX","INDPROD","TOT","IDX2015","A","2016",99.72502,
"LUX","INDPROD","TOT","IDX2015","A","2017",103.4497,
"LUX","INDPROD","TOT","IDX2015","A","2018",102.3581,
"LUX","INDPROD","TOT","IDX2015","A","2019",99.19173,
"MEX","INDPROD","TOT","IDX2015","A","1990",66.81989,
"MEX","INDPROD","TOT","IDX2015","A","1991",69.04903,
"MEX","INDPROD","TOT","IDX2015","A","1992",71.82641,
"MEX","INDPROD","TOT","IDX2015","A","1993",72.30236,
"MEX","INDPROD","TOT","IDX2015","A","1994",76.60006,
"MEX","INDPROD","TOT","IDX2015","A","1995",68.93674,
"MEX","INDPROD","TOT","IDX2015","A","1996",77.00808,
"MEX","INDPROD","TOT","IDX2015","A","1997",82.67496,
"MEX","INDPROD","TOT","IDX2015","A","1998",87.11179,
"MEX","INDPROD","TOT","IDX2015","A","1999",89.06383,
"MEX","INDPROD","TOT","IDX2015","A","2000",92.47661,
"MEX","INDPROD","TOT","IDX2015","A","2001",90.18007,
"MEX","INDPROD","TOT","IDX2015","A","2002",89.34418,
"MEX","INDPROD","TOT","IDX2015","A","2003",90.77941,
"MEX","INDPROD","TOT","IDX2015","A","2004",94.34547,
"MEX","INDPROD","TOT","IDX2015","A","2005",96.78337,
"MEX","INDPROD","TOT","IDX2015","A","2006",101.0021,
"MEX","INDPROD","TOT","IDX2015","A","2007",102.4085,
"MEX","INDPROD","TOT","IDX2015","A","2008",101.8005,
"MEX","INDPROD","TOT","IDX2015","A","2009",95.62396,
"MEX","INDPROD","TOT","IDX2015","A","2010",99.99503,
"MEX","INDPROD","TOT","IDX2015","A","2011",103.4552,
"MEX","INDPROD","TOT","IDX2015","A","2012",106.3328,
"MEX","INDPROD","TOT","IDX2015","A","2013",105.8849,
"MEX","INDPROD","TOT","IDX2015","A","2014",108.7059,
"MEX","INDPROD","TOT","IDX2015","A","2015",109.7885,
"MEX","INDPROD","TOT","IDX2015","A","2016",109.6348,
"MEX","INDPROD","TOT","IDX2015","A","2017",109.1384,"E"
"NLD","INDPROD","TOT","IDX2015","A","1990",78.56492,
"NLD","INDPROD","TOT","IDX2015","A","1991",79.94635,
"NLD","INDPROD","TOT","IDX2015","A","1992",79.76958,
"NLD","INDPROD","TOT","IDX2015","A","1993",78.85954,
"NLD","INDPROD","TOT","IDX2015","A","1994",82.68958,
"NLD","INDPROD","TOT","IDX2015","A","1995",85.10545,
"NLD","INDPROD","TOT","IDX2015","A","1996",87.15993,
"NLD","INDPROD","TOT","IDX2015","A","1997",86.72826,
"NLD","INDPROD","TOT","IDX2015","A","1998",88.35905,
"NLD","INDPROD","TOT","IDX2015","A","1999",91.00511,
"NLD","INDPROD","TOT","IDX2015","A","2000",95.92149,
"NLD","INDPROD","TOT","IDX2015","A","2001",95.86406,
"NLD","INDPROD","TOT","IDX2015","A","2002",96.95846,
"NLD","INDPROD","TOT","IDX2015","A","2003",95.839,
"NLD","INDPROD","TOT","IDX2015","A","2004",99.90748,
"NLD","INDPROD","TOT","IDX2015","A","2005",100.2416,
"NLD","INDPROD","TOT","IDX2015","A","2006",102.2748,
"NLD","INDPROD","TOT","IDX2015","A","2007",106.4995,
"NLD","INDPROD","TOT","IDX2015","A","2008",107.2994,
"NLD","INDPROD","TOT","IDX2015","A","2009",99.40839,
"NLD","INDPROD","TOT","IDX2015","A","2010",106.9411,
"NLD","INDPROD","TOT","IDX2015","A","2011",106.3911,
"NLD","INDPROD","TOT","IDX2015","A","2012",105.8912,
"NLD","INDPROD","TOT","IDX2015","A","2013",106.4578,
"NLD","INDPROD","TOT","IDX2015","A","2014",103.558,
"NLD","INDPROD","TOT","IDX2015","A","2015",100,
"NLD","INDPROD","TOT","IDX2015","A","2016",101.3749,
"NLD","INDPROD","TOT","IDX2015","A","2017",102.4831,
"NLD","INDPROD","TOT","IDX2015","A","2018",103.1497,
"NLD","INDPROD","TOT","IDX2015","A","2019",102.3581,
"NZL","INDPROD","TOT","IDX2015","A","1990",71.77239,
"NZL","INDPROD","TOT","IDX2015","A","1991",69.32711,
"NZL","INDPROD","TOT","IDX2015","A","1992",71.54745,
"NZL","INDPROD","TOT","IDX2015","A","1993",76.064,
"NZL","INDPROD","TOT","IDX2015","A","1994",80.10784,
"NZL","INDPROD","TOT","IDX2015","A","1995",81.86264,
"NZL","INDPROD","TOT","IDX2015","A","1996",83.50177,
"NZL","INDPROD","TOT","IDX2015","A","1997",83.8764,
"NZL","INDPROD","TOT","IDX2015","A","1998",82.45798,
"NZL","INDPROD","TOT","IDX2015","A","1999",84.03274,
"NZL","INDPROD","TOT","IDX2015","A","2000",87.00403,
"NZL","INDPROD","TOT","IDX2015","A","2001",86.83755,
"NZL","INDPROD","TOT","IDX2015","A","2002",91.79605,
"NZL","INDPROD","TOT","IDX2015","A","2003",94.80696,
"NZL","INDPROD","TOT","IDX2015","A","2004",98.18069,
"NZL","INDPROD","TOT","IDX2015","A","2005",98.44083,
"NZL","INDPROD","TOT","IDX2015","A","2006",97.44205,
"NZL","INDPROD","TOT","IDX2015","A","2007",101.6167,
"NZL","INDPROD","TOT","IDX2015","A","2008",99.78744,
"NZL","INDPROD","TOT","IDX2015","A","2009",93.81171,
"NZL","INDPROD","TOT","IDX2015","A","2010",97.25572,
"NZL","INDPROD","TOT","IDX2015","A","2011",94.49058,
"NZL","INDPROD","TOT","IDX2015","A","2012",95.05663,
"NZL","INDPROD","TOT","IDX2015","A","2013",95.52981,
"NZL","INDPROD","TOT","IDX2015","A","2014",98.50865,
"NZL","INDPROD","TOT","IDX2015","A","2015",100,
"NZL","INDPROD","TOT","IDX2015","A","2016",101.5282,
"NZL","INDPROD","TOT","IDX2015","A","2017",103.3311,
"NZL","INDPROD","TOT","IDX2015","A","2018",104.6525,
"NZL","INDPROD","TOT","IDX2015","A","2019",106.172,
"NOR","INDPROD","TOT","IDX2015","A","1990",86.34465,
"NOR","INDPROD","TOT","IDX2015","A","1991",87.84259,
"NOR","INDPROD","TOT","IDX2015","A","1992",92.80847,
"NOR","INDPROD","TOT","IDX2015","A","1993",96.39444,
"NOR","INDPROD","TOT","IDX2015","A","1994",103.1125,
"NOR","INDPROD","TOT","IDX2015","A","1995",108.9771,
"NOR","INDPROD","TOT","IDX2015","A","1996",114.8599,
"NOR","INDPROD","TOT","IDX2015","A","1997",118.7818,
"NOR","INDPROD","TOT","IDX2015","A","1998",117.529,
"NOR","INDPROD","TOT","IDX2015","A","1999",117.1477,
"NOR","INDPROD","TOT","IDX2015","A","2000",121.6156,
"NOR","INDPROD","TOT","IDX2015","A","2001",120.7428,
"NOR","INDPROD","TOT","IDX2015","A","2002",119.6373,
"NOR","INDPROD","TOT","IDX2015","A","2003",116.6699,
"NOR","INDPROD","TOT","IDX2015","A","2004",116.3402,
"NOR","INDPROD","TOT","IDX2015","A","2005",116.3596,
"NOR","INDPROD","TOT","IDX2015","A","2006",113.8189,
"NOR","INDPROD","TOT","IDX2015","A","2007",112.4806,
"NOR","INDPROD","TOT","IDX2015","A","2008",113.0237,
"NOR","INDPROD","TOT","IDX2015","A","2009",108.5822,
"NOR","INDPROD","TOT","IDX2015","A","2010",102.5213,
"NOR","INDPROD","TOT","IDX2015","A","2011",97.43987,
"NOR","INDPROD","TOT","IDX2015","A","2012",99.14662,
"NOR","INDPROD","TOT","IDX2015","A","2013",96.48952,
"NOR","INDPROD","TOT","IDX2015","A","2014",98.55508,
"NOR","INDPROD","TOT","IDX2015","A","2015",100,
"NOR","INDPROD","TOT","IDX2015","A","2016",98.78782,
"NOR","INDPROD","TOT","IDX2015","A","2017",98.50659,
"NOR","INDPROD","TOT","IDX2015","A","2018",96.69318,
"NOR","INDPROD","TOT","IDX2015","A","2019",92.47478,
"POL","INDPROD","TOT","IDX2015","A","1990",29.60758,
"POL","INDPROD","TOT","IDX2015","A","1991",24.88184,
"POL","INDPROD","TOT","IDX2015","A","1992",25.76426,
"POL","INDPROD","TOT","IDX2015","A","1993",26.99021,
"POL","INDPROD","TOT","IDX2015","A","1994",30.51991,
"POL","INDPROD","TOT","IDX2015","A","1995",33.36447,
"POL","INDPROD","TOT","IDX2015","A","1996",36.49195,
"POL","INDPROD","TOT","IDX2015","A","1997",40.6155,
"POL","INDPROD","TOT","IDX2015","A","1998",42.5101,
"POL","INDPROD","TOT","IDX2015","A","1999",44.53008,
"POL","INDPROD","TOT","IDX2015","A","2000",47.425,
"POL","INDPROD","TOT","IDX2015","A","2001",47.65,
"POL","INDPROD","TOT","IDX2015","A","2002",48.34167,
"POL","INDPROD","TOT","IDX2015","A","2003",52.6,
"POL","INDPROD","TOT","IDX2015","A","2004",59.43333,
"POL","INDPROD","TOT","IDX2015","A","2005",61.975,
"POL","INDPROD","TOT","IDX2015","A","2006",69.50833,
"POL","INDPROD","TOT","IDX2015","A","2007",76.05,
"POL","INDPROD","TOT","IDX2015","A","2008",78.125,
"POL","INDPROD","TOT","IDX2015","A","2009",75.01667,
"POL","INDPROD","TOT","IDX2015","A","2010",83.38333,
"POL","INDPROD","TOT","IDX2015","A","2011",89.00833,
"POL","INDPROD","TOT","IDX2015","A","2012",90.125,
"POL","INDPROD","TOT","IDX2015","A","2013",92.2,
"POL","INDPROD","TOT","IDX2015","A","2014",95.35,
"POL","INDPROD","TOT","IDX2015","A","2015",100,
"POL","INDPROD","TOT","IDX2015","A","2016",102.825,
"POL","INDPROD","TOT","IDX2015","A","2017",109.6167,
"POL","INDPROD","TOT","IDX2015","A","2018",116.075,
"POL","INDPROD","TOT","IDX2015","A","2019",120.9083,
"PRT","INDPROD","TOT","IDX2015","A","1990",115.8844,
"PRT","INDPROD","TOT","IDX2015","A","1991",115.9115,
"PRT","INDPROD","TOT","IDX2015","A","1992",113.1953,
"PRT","INDPROD","TOT","IDX2015","A","1993",107.7377,
"PRT","INDPROD","TOT","IDX2015","A","1994",107.549,
"PRT","INDPROD","TOT","IDX2015","A","1995",112.5675,
"PRT","INDPROD","TOT","IDX2015","A","1996",118.4936,
"PRT","INDPROD","TOT","IDX2015","A","1997",121.541,
"PRT","INDPROD","TOT","IDX2015","A","1998",128.4236,
"PRT","INDPROD","TOT","IDX2015","A","1999",132.3336,
"PRT","INDPROD","TOT","IDX2015","A","2000",132.9431,
"PRT","INDPROD","TOT","IDX2015","A","2001",137.1201,
"PRT","INDPROD","TOT","IDX2015","A","2002",135.6537,
"PRT","INDPROD","TOT","IDX2015","A","2003",134.2463,
"PRT","INDPROD","TOT","IDX2015","A","2004",128.6687,
"PRT","INDPROD","TOT","IDX2015","A","2005",124.1769,
"PRT","INDPROD","TOT","IDX2015","A","2006",123.4745,
"PRT","INDPROD","TOT","IDX2015","A","2007",121.3841,
"PRT","INDPROD","TOT","IDX2015","A","2008",114.7922,
"PRT","INDPROD","TOT","IDX2015","A","2009",102.6777,
"PRT","INDPROD","TOT","IDX2015","A","2010",103.659,
"PRT","INDPROD","TOT","IDX2015","A","2011",102.1715,
"PRT","INDPROD","TOT","IDX2015","A","2012",96.20998,
"PRT","INDPROD","TOT","IDX2015","A","2013",96.59642,
"PRT","INDPROD","TOT","IDX2015","A","2014",98.04237,
"PRT","INDPROD","TOT","IDX2015","A","2015",100,
"PRT","INDPROD","TOT","IDX2015","A","2016",102.41,
"PRT","INDPROD","TOT","IDX2015","A","2017",106.0291,
"PRT","INDPROD","TOT","IDX2015","A","2018",106.1624,
"PRT","INDPROD","TOT","IDX2015","A","2019",103.8625,
"SVK","INDPROD","TOT","IDX2015","A","1990",45.93083,
"SVK","INDPROD","TOT","IDX2015","A","1991",37.07429,
"SVK","INDPROD","TOT","IDX2015","A","1992",33.51169,
"SVK","INDPROD","TOT","IDX2015","A","1993",32.25979,
"SVK","INDPROD","TOT","IDX2015","A","1994",33.83799,
"SVK","INDPROD","TOT","IDX2015","A","1995",36.64811,
"SVK","INDPROD","TOT","IDX2015","A","1996",37.5604,
"SVK","INDPROD","TOT","IDX2015","A","1997",38.04318,
"SVK","INDPROD","TOT","IDX2015","A","1998",40.10083,
"SVK","INDPROD","TOT","IDX2015","A","1999",39.25854,
"SVK","INDPROD","TOT","IDX2015","A","2000",40.95341,
"SVK","INDPROD","TOT","IDX2015","A","2001",42.42854,
"SVK","INDPROD","TOT","IDX2015","A","2002",45.39545,
"SVK","INDPROD","TOT","IDX2015","A","2003",52.45437,
"SVK","INDPROD","TOT","IDX2015","A","2004",54.31286,
"SVK","INDPROD","TOT","IDX2015","A","2005",53.92116,
"SVK","INDPROD","TOT","IDX2015","A","2006",62.37186,
"SVK","INDPROD","TOT","IDX2015","A","2007",72.84774,
"SVK","INDPROD","TOT","IDX2015","A","2008",84.34036,
"SVK","INDPROD","TOT","IDX2015","A","2009",73.39778,
"SVK","INDPROD","TOT","IDX2015","A","2010",82.38187,
"SVK","INDPROD","TOT","IDX2015","A","2011",87.10726,
"SVK","INDPROD","TOT","IDX2015","A","2012",89.55746,
"SVK","INDPROD","TOT","IDX2015","A","2013",90.97425,
"SVK","INDPROD","TOT","IDX2015","A","2014",93.69114,
"SVK","INDPROD","TOT","IDX2015","A","2015",100,
"SVK","INDPROD","TOT","IDX2015","A","2016",104.6337,
"SVK","INDPROD","TOT","IDX2015","A","2017",108.1173,
"SVK","INDPROD","TOT","IDX2015","A","2018",112.8011,
"SVK","INDPROD","TOT","IDX2015","A","2019",113.4011,
"ESP","INDPROD","TOT","IDX2015","A","1990",99.83136,
"ESP","INDPROD","TOT","IDX2015","A","1991",99.20078,
"ESP","INDPROD","TOT","IDX2015","A","1992",96.11275,
"ESP","INDPROD","TOT","IDX2015","A","1993",91.76566,
"ESP","INDPROD","TOT","IDX2015","A","1994",99.01591,
"ESP","INDPROD","TOT","IDX2015","A","1995",103.9229,
"ESP","INDPROD","TOT","IDX2015","A","1996",102.3913,
"ESP","INDPROD","TOT","IDX2015","A","1997",109.6971,
"ESP","INDPROD","TOT","IDX2015","A","1998",115.6714,
"ESP","INDPROD","TOT","IDX2015","A","1999",118.7208,
"ESP","INDPROD","TOT","IDX2015","A","2000",123.966,
"ESP","INDPROD","TOT","IDX2015","A","2001",122.3683,
"ESP","INDPROD","TOT","IDX2015","A","2002",122.317,
"ESP","INDPROD","TOT","IDX2015","A","2003",123.8291,
"ESP","INDPROD","TOT","IDX2015","A","2004",125.7167,
"ESP","INDPROD","TOT","IDX2015","A","2005",127.1502,
"ESP","INDPROD","TOT","IDX2015","A","2006",132.0291,
"ESP","INDPROD","TOT","IDX2015","A","2007",134.4052,
"ESP","INDPROD","TOT","IDX2015","A","2008",124.1198,
"ESP","INDPROD","TOT","IDX2015","A","2009",104.7977,
"ESP","INDPROD","TOT","IDX2015","A","2010",105.6056,
"ESP","INDPROD","TOT","IDX2015","A","2011",104.0616,
"ESP","INDPROD","TOT","IDX2015","A","2012",97.21675,
"ESP","INDPROD","TOT","IDX2015","A","2013",95.68558,
"ESP","INDPROD","TOT","IDX2015","A","2014",96.86891,
"ESP","INDPROD","TOT","IDX2015","A","2015",100.0001,
"ESP","INDPROD","TOT","IDX2015","A","2016",101.882,
"ESP","INDPROD","TOT","IDX2015","A","2017",105.1393,
"ESP","INDPROD","TOT","IDX2015","A","2018",105.4408,
"ESP","INDPROD","TOT","IDX2015","A","2019",106.1639,
"SWE","INDPROD","TOT","IDX2015","A","1990",70.02153,
"SWE","INDPROD","TOT","IDX2015","A","1991",68.47018,
"SWE","INDPROD","TOT","IDX2015","A","1992",68.63881,
"SWE","INDPROD","TOT","IDX2015","A","1993",68.95076,
"SWE","INDPROD","TOT","IDX2015","A","1994",76.79182,
"SWE","INDPROD","TOT","IDX2015","A","1995",84.23662,
"SWE","INDPROD","TOT","IDX2015","A","1996",84.95328,
"SWE","INDPROD","TOT","IDX2015","A","1997",88.97498,
"SWE","INDPROD","TOT","IDX2015","A","1998",93.01355,
"SWE","INDPROD","TOT","IDX2015","A","1999",95.6188,
"SWE","INDPROD","TOT","IDX2015","A","2000",101.175,
"SWE","INDPROD","TOT","IDX2015","A","2001",100.1417,
"SWE","INDPROD","TOT","IDX2015","A","2002",100.1583,
"SWE","INDPROD","TOT","IDX2015","A","2003",101.6417,
"SWE","INDPROD","TOT","IDX2015","A","2004",107.3833,
"SWE","INDPROD","TOT","IDX2015","A","2005",110.025,
"SWE","INDPROD","TOT","IDX2015","A","2006",113.4333,
"SWE","INDPROD","TOT","IDX2015","A","2007",117.3417,
"SWE","INDPROD","TOT","IDX2015","A","2008",114.2417,
"SWE","INDPROD","TOT","IDX2015","A","2009",93.75,
"SWE","INDPROD","TOT","IDX2015","A","2010",102.6,
"SWE","INDPROD","TOT","IDX2015","A","2011",105.3333,
"SWE","INDPROD","TOT","IDX2015","A","2012",103.0667,
"SWE","INDPROD","TOT","IDX2015","A","2013",98.23333,
"SWE","INDPROD","TOT","IDX2015","A","2014",96.45,
"SWE","INDPROD","TOT","IDX2015","A","2015",100,
"SWE","INDPROD","TOT","IDX2015","A","2016",101.8,
"SWE","INDPROD","TOT","IDX2015","A","2017",106.15,
"SWE","INDPROD","TOT","IDX2015","A","2018",108.6833,
"SWE","INDPROD","TOT","IDX2015","A","2019",111.4833,
"CHE","INDPROD","TOT","IDX2015","A","1990",66.02422,
"CHE","INDPROD","TOT","IDX2015","A","1991",66.36721,
"CHE","INDPROD","TOT","IDX2015","A","1992",65.68124,
"CHE","INDPROD","TOT","IDX2015","A","1993",64.4808,
"CHE","INDPROD","TOT","IDX2015","A","1994",67.22467,
"CHE","INDPROD","TOT","IDX2015","A","1995",68.5966,
"CHE","INDPROD","TOT","IDX2015","A","1996",68.5965,
"CHE","INDPROD","TOT","IDX2015","A","1997",71.74649,
"CHE","INDPROD","TOT","IDX2015","A","1998",74.32027,
"CHE","INDPROD","TOT","IDX2015","A","1999",76.96467,
"CHE","INDPROD","TOT","IDX2015","A","2000",83.445,
"CHE","INDPROD","TOT","IDX2015","A","2001",82.83248,
"CHE","INDPROD","TOT","IDX2015","A","2002",78.60983,
"CHE","INDPROD","TOT","IDX2015","A","2003",78.92683,
"CHE","INDPROD","TOT","IDX2015","A","2004",82.08584,
"CHE","INDPROD","TOT","IDX2015","A","2005",82.28609,
"CHE","INDPROD","TOT","IDX2015","A","2006",88.35302,
"CHE","INDPROD","TOT","IDX2015","A","2007",96.44928,
"CHE","INDPROD","TOT","IDX2015","A","2008",96.55253,
"CHE","INDPROD","TOT","IDX2015","A","2009",90.05962,
"CHE","INDPROD","TOT","IDX2015","A","2010",96.39756,
"CHE","INDPROD","TOT","IDX2015","A","2011",98.18787,
"CHE","INDPROD","TOT","IDX2015","A","2012",99.48191,
"CHE","INDPROD","TOT","IDX2015","A","2013",100.6146,
"CHE","INDPROD","TOT","IDX2015","A","2014",101.7506,
"CHE","INDPROD","TOT","IDX2015","A","2015",100,
"CHE","INDPROD","TOT","IDX2015","A","2016",100.0193,
"CHE","INDPROD","TOT","IDX2015","A","2017",104.9597,
"CHE","INDPROD","TOT","IDX2015","A","2018",110.6537,
"CHE","INDPROD","TOT","IDX2015","A","2019",115.5139,
"TUR","INDPROD","TOT","IDX2015","A","1990",31.38072,
"TUR","INDPROD","TOT","IDX2015","A","1991",32.38063,
"TUR","INDPROD","TOT","IDX2015","A","1992",33.87218,
"TUR","INDPROD","TOT","IDX2015","A","1993",35.88034,
"TUR","INDPROD","TOT","IDX2015","A","1994",33.6222,
"TUR","INDPROD","TOT","IDX2015","A","1995",36.52196,
"TUR","INDPROD","TOT","IDX2015","A","1996",38.66344,
"TUR","INDPROD","TOT","IDX2015","A","1997",42.37147,
"TUR","INDPROD","TOT","IDX2015","A","1998",42.91309,
"TUR","INDPROD","TOT","IDX2015","A","1999",41.32989,
"TUR","INDPROD","TOT","IDX2015","A","2000",43.82968,
"TUR","INDPROD","TOT","IDX2015","A","2001",40.005,
"TUR","INDPROD","TOT","IDX2015","A","2002",43.77969,
"TUR","INDPROD","TOT","IDX2015","A","2003",47.59604,
"TUR","INDPROD","TOT","IDX2015","A","2004",52.25398,
"TUR","INDPROD","TOT","IDX2015","A","2005",59.60337,
"TUR","INDPROD","TOT","IDX2015","A","2006",63.96967,
"TUR","INDPROD","TOT","IDX2015","A","2007",68.45263,
"TUR","INDPROD","TOT","IDX2015","A","2008",68.06933,
"TUR","INDPROD","TOT","IDX2015","A","2009",61.34489,
"TUR","INDPROD","TOT","IDX2015","A","2010",69.37755,
"TUR","INDPROD","TOT","IDX2015","A","2011",80.035,
"TUR","INDPROD","TOT","IDX2015","A","2012",83.5097,
"TUR","INDPROD","TOT","IDX2015","A","2013",88.98425,
"TUR","INDPROD","TOT","IDX2015","A","2014",94.23381,
"TUR","INDPROD","TOT","IDX2015","A","2015",100,
"TUR","INDPROD","TOT","IDX2015","A","2016",103.3997,
"TUR","INDPROD","TOT","IDX2015","A","2017",112.7739,
"TUR","INDPROD","TOT","IDX2015","A","2018",113.9988,
"TUR","INDPROD","TOT","IDX2015","A","2019",113.3072,
"GBR","INDPROD","TOT","IDX2015","A","1990",96.41448,
"GBR","INDPROD","TOT","IDX2015","A","1991",93.1948,
"GBR","INDPROD","TOT","IDX2015","A","1992",93.60826,
"GBR","INDPROD","TOT","IDX2015","A","1993",95.62276,
"GBR","INDPROD","TOT","IDX2015","A","1994",100.681,
"GBR","INDPROD","TOT","IDX2015","A","1995",102.4492,
"GBR","INDPROD","TOT","IDX2015","A","1996",103.8479,
"GBR","INDPROD","TOT","IDX2015","A","1997",106.6101,
"GBR","INDPROD","TOT","IDX2015","A","1998",107.4667,
"GBR","INDPROD","TOT","IDX2015","A","1999",108.652,
"GBR","INDPROD","TOT","IDX2015","A","2000",110.4949,
"GBR","INDPROD","TOT","IDX2015","A","2001",108.8251,
"GBR","INDPROD","TOT","IDX2015","A","2002",107.259,
"GBR","INDPROD","TOT","IDX2015","A","2003",106.9303,
"GBR","INDPROD","TOT","IDX2015","A","2004",107.9252,
"GBR","INDPROD","TOT","IDX2015","A","2005",107.2417,
"GBR","INDPROD","TOT","IDX2015","A","2006",108.4444,
"GBR","INDPROD","TOT","IDX2015","A","2007",109.2317,
"GBR","INDPROD","TOT","IDX2015","A","2008",106.6534,
"GBR","INDPROD","TOT","IDX2015","A","2009",98.33881,
"GBR","INDPROD","TOT","IDX2015","A","2010",101.8169,
"GBR","INDPROD","TOT","IDX2015","A","2011",101.6958,
"GBR","INDPROD","TOT","IDX2015","A","2012",99.24728,
"GBR","INDPROD","TOT","IDX2015","A","2013",98.20903,
"GBR","INDPROD","TOT","IDX2015","A","2014",99.66257,
"GBR","INDPROD","TOT","IDX2015","A","2015",100,
"GBR","INDPROD","TOT","IDX2015","A","2016",101.0642,
"GBR","INDPROD","TOT","IDX2015","A","2017",102.8552,
"GBR","INDPROD","TOT","IDX2015","A","2018",103.8242,
"GBR","INDPROD","TOT","IDX2015","A","2019",102.6735,
"USA","INDPROD","TOT","IDX2015","A","1990",61.65005,
"USA","INDPROD","TOT","IDX2015","A","1991",60.74181,
"USA","INDPROD","TOT","IDX2015","A","1992",62.52094,
"USA","INDPROD","TOT","IDX2015","A","1993",64.57485,
"USA","INDPROD","TOT","IDX2015","A","1994",67.96906,
"USA","INDPROD","TOT","IDX2015","A","1995",71.12463,
"USA","INDPROD","TOT","IDX2015","A","1996",74.35757,
"USA","INDPROD","TOT","IDX2015","A","1997",79.70177,
"USA","INDPROD","TOT","IDX2015","A","1998",84.35248,
"USA","INDPROD","TOT","IDX2015","A","1999",88.06802,
"USA","INDPROD","TOT","IDX2015","A","2000",91.4763,
"USA","INDPROD","TOT","IDX2015","A","2001",88.65302,
"USA","INDPROD","TOT","IDX2015","A","2002",88.98418,
"USA","INDPROD","TOT","IDX2015","A","2003",90.1422,
"USA","INDPROD","TOT","IDX2015","A","2004",92.54769,
"USA","INDPROD","TOT","IDX2015","A","2005",95.64173,
"USA","INDPROD","TOT","IDX2015","A","2006",97.819,
"USA","INDPROD","TOT","IDX2015","A","2007",100.3079,
"USA","INDPROD","TOT","IDX2015","A","2008",96.83794,
"USA","INDPROD","TOT","IDX2015","A","2009",85.72332,
"USA","INDPROD","TOT","IDX2015","A","2010",90.41689,
"USA","INDPROD","TOT","IDX2015","A","2011",93.23286,
"USA","INDPROD","TOT","IDX2015","A","2012",96.05097,
"USA","INDPROD","TOT","IDX2015","A","2013",97.99788,
"USA","INDPROD","TOT","IDX2015","A","2014",101.0054,
"USA","INDPROD","TOT","IDX2015","A","2015",100,
"USA","INDPROD","TOT","IDX2015","A","2016",98.04079,
"USA","INDPROD","TOT","IDX2015","A","2017",100.3168,
"USA","INDPROD","TOT","IDX2015","A","2018",104.2708,
"USA","INDPROD","TOT","IDX2015","A","2019",105.1088,
"BRA","INDPROD","TOT","IDX2015","A","1990",69.17802,
"BRA","INDPROD","TOT","IDX2015","A","1991",67.37299,
"BRA","INDPROD","TOT","IDX2015","A","1992",64.85689,
"BRA","INDPROD","TOT","IDX2015","A","1993",69.72802,
"BRA","INDPROD","TOT","IDX2015","A","1994",75.02993,
"BRA","INDPROD","TOT","IDX2015","A","1995",76.40388,
"BRA","INDPROD","TOT","IDX2015","A","1996",77.72607,
"BRA","INDPROD","TOT","IDX2015","A","1997",80.74803,
"BRA","INDPROD","TOT","IDX2015","A","1998",79.11168,
"BRA","INDPROD","TOT","IDX2015","A","1999",78.5949,
"BRA","INDPROD","TOT","IDX2015","A","2000",83.81372,
"BRA","INDPROD","TOT","IDX2015","A","2001",85.13592,
"BRA","INDPROD","TOT","IDX2015","A","2002",87.50344,
"BRA","INDPROD","TOT","IDX2015","A","2003",87.78787,
"BRA","INDPROD","TOT","IDX2015","A","2004",95.10964,
"BRA","INDPROD","TOT","IDX2015","A","2005",97.77961,
"BRA","INDPROD","TOT","IDX2015","A","2006",100.4221,
"BRA","INDPROD","TOT","IDX2015","A","2007",106.3676,
"BRA","INDPROD","TOT","IDX2015","A","2008",109.6431,
"BRA","INDPROD","TOT","IDX2015","A","2009",101.835,
"BRA","INDPROD","TOT","IDX2015","A","2010",112.2397,
"BRA","INDPROD","TOT","IDX2015","A","2011",112.6984,
"BRA","INDPROD","TOT","IDX2015","A","2012",110.1018,
"BRA","INDPROD","TOT","IDX2015","A","2013",112.3865,
"BRA","INDPROD","TOT","IDX2015","A","2014",108.9917,
"BRA","INDPROD","TOT","IDX2015","A","2015",100,
"BRA","INDPROD","TOT","IDX2015","A","2016",93.58657,
"BRA","INDPROD","TOT","IDX2015","A","2017",95.92623,
"BRA","INDPROD","TOT","IDX2015","A","2018",96.87127,
"BRA","INDPROD","TOT","IDX2015","A","2019",95.81613,
"CHL","INDPROD","TOT","IDX2015","A","1991",50.53154,
"CHL","INDPROD","TOT","IDX2015","A","1992",56.90097,
"CHL","INDPROD","TOT","IDX2015","A","1993",58.99585,
"CHL","INDPROD","TOT","IDX2015","A","1994",61.14523,
"CHL","INDPROD","TOT","IDX2015","A","1995",64.89301,
"CHL","INDPROD","TOT","IDX2015","A","1996",68.35624,
"CHL","INDPROD","TOT","IDX2015","A","1997",70.23315,
"CHL","INDPROD","TOT","IDX2015","A","1998",69.86988,
"CHL","INDPROD","TOT","IDX2015","A","1999",67.5086,
"CHL","INDPROD","TOT","IDX2015","A","2000",70.11207,
"CHL","INDPROD","TOT","IDX2015","A","2001",71.38353,
"CHL","INDPROD","TOT","IDX2015","A","2002",72.67921,
"CHL","INDPROD","TOT","IDX2015","A","2003",76.45121,
"CHL","INDPROD","TOT","IDX2015","A","2004",83.14153,
"CHL","INDPROD","TOT","IDX2015","A","2005",87.67036,
"CHL","INDPROD","TOT","IDX2015","A","2006",90.5039,
"CHL","INDPROD","TOT","IDX2015","A","2007",94.23958,
"CHL","INDPROD","TOT","IDX2015","A","2008",94.43938,
"CHL","INDPROD","TOT","IDX2015","A","2009",88.09418,
"CHL","INDPROD","TOT","IDX2015","A","2010",88.54221,
"CHL","INDPROD","TOT","IDX2015","A","2011",93.3435,
"CHL","INDPROD","TOT","IDX2015","A","2012",100.324,
"CHL","INDPROD","TOT","IDX2015","A","2013",100.4931,
"CHL","INDPROD","TOT","IDX2015","A","2014",99.30494,
"CHL","INDPROD","TOT","IDX2015","A","2015",100,
"CHL","INDPROD","TOT","IDX2015","A","2016",100.0441,
"CHL","INDPROD","TOT","IDX2015","A","2017",98.99311,
"CHL","INDPROD","TOT","IDX2015","A","2018",101.7548,
"CHL","INDPROD","TOT","IDX2015","A","2019",102.5725,
"COL","INDPROD","TOT","IDX2015","A","1990",65.96008,
"COL","INDPROD","TOT","IDX2015","A","1991",65.72597,
"COL","INDPROD","TOT","IDX2015","A","1992",70.33322,
"COL","INDPROD","TOT","IDX2015","A","1993",72.25613,
"COL","INDPROD","TOT","IDX2015","A","1994",74.92838,
"COL","INDPROD","TOT","IDX2015","A","1995",76.56287,
"COL","INDPROD","TOT","IDX2015","A","1996",74.3505,
"COL","INDPROD","TOT","IDX2015","A","1997",76.20001,
"COL","INDPROD","TOT","IDX2015","A","1998",75.03926,
"COL","INDPROD","TOT","IDX2015","A","1999",64.94884,
"COL","INDPROD","TOT","IDX2015","A","2000",71.40191,
"COL","INDPROD","TOT","IDX2015","A","2001",72.12285,
"COL","INDPROD","TOT","IDX2015","A","2002",72.1253,
"COL","INDPROD","TOT","IDX2015","A","2003",73.46157,
"COL","INDPROD","TOT","IDX2015","A","2004",77.78241,
"COL","INDPROD","TOT","IDX2015","A","2005",80.81435,
"COL","INDPROD","TOT","IDX2015","A","2006",89.09581,
"COL","INDPROD","TOT","IDX2015","A","2007",97.7628,
"COL","INDPROD","TOT","IDX2015","A","2008",94.54301,
"COL","INDPROD","TOT","IDX2015","A","2009",89.77212,
"COL","INDPROD","TOT","IDX2015","A","2010",93.5555,
"COL","INDPROD","TOT","IDX2015","A","2011",98.16222,
"COL","INDPROD","TOT","IDX2015","A","2012",97.81181,
"COL","INDPROD","TOT","IDX2015","A","2013",96.5466,
"COL","INDPROD","TOT","IDX2015","A","2014",97.99967,
"COL","INDPROD","TOT","IDX2015","A","2015",100,
"COL","INDPROD","TOT","IDX2015","A","2016",104.0431,
"COL","INDPROD","TOT","IDX2015","A","2017",103.5204,
"COL","INDPROD","TOT","IDX2015","A","2018",106.5686,
"EST","INDPROD","TOT","IDX2015","A","1998",41.1451,
"EST","INDPROD","TOT","IDX2015","A","1999",39.73664,
"EST","INDPROD","TOT","IDX2015","A","2000",45.51213,
"EST","INDPROD","TOT","IDX2015","A","2001",49.52913,
"EST","INDPROD","TOT","IDX2015","A","2002",53.67947,
"EST","INDPROD","TOT","IDX2015","A","2003",59.57996,
"EST","INDPROD","TOT","IDX2015","A","2004",65.77215,
"EST","INDPROD","TOT","IDX2015","A","2005",73.01442,
"EST","INDPROD","TOT","IDX2015","A","2006",80.24002,
"EST","INDPROD","TOT","IDX2015","A","2007",85.37378,
"EST","INDPROD","TOT","IDX2015","A","2008",81.01508,
"EST","INDPROD","TOT","IDX2015","A","2009",61.5718,
"EST","INDPROD","TOT","IDX2015","A","2010",76.048,
"EST","INDPROD","TOT","IDX2015","A","2011",91.19093,
"EST","INDPROD","TOT","IDX2015","A","2012",92.18268,
"EST","INDPROD","TOT","IDX2015","A","2013",95.958,
"EST","INDPROD","TOT","IDX2015","A","2014",99.70831,
"EST","INDPROD","TOT","IDX2015","A","2015",100,
"EST","INDPROD","TOT","IDX2015","A","2016",103.4086,
"EST","INDPROD","TOT","IDX2015","A","2017",107.559,
"EST","INDPROD","TOT","IDX2015","A","2018",112.7177,
"EST","INDPROD","TOT","IDX2015","A","2019",112.5677,
"IND","INDPROD","TOT","IDX2015","A","1995",31.75005,
"IND","INDPROD","TOT","IDX2015","A","1996",34.6084,
"IND","INDPROD","TOT","IDX2015","A","1997",36.54871,
"IND","INDPROD","TOT","IDX2015","A","1998",38.21183,
"IND","INDPROD","TOT","IDX2015","A","1999",40.47145,
"IND","INDPROD","TOT","IDX2015","A","2000",42.91734,
"IND","INDPROD","TOT","IDX2015","A","2001",44.07931,
"IND","INDPROD","TOT","IDX2015","A","2002",46.23693,
"IND","INDPROD","TOT","IDX2015","A","2003",49.26824,
"IND","INDPROD","TOT","IDX2015","A","2004",54.60796,
"IND","INDPROD","TOT","IDX2015","A","2005",57.84565,"B"
"IND","INDPROD","TOT","IDX2015","A","2006",64.17902,
"IND","INDPROD","TOT","IDX2015","A","2007",74.2214,
"IND","INDPROD","TOT","IDX2015","A","2008",79.91372,
"IND","INDPROD","TOT","IDX2015","A","2009",80.07885,
"IND","INDPROD","TOT","IDX2015","A","2010",87.87891,
"IND","INDPROD","TOT","IDX2015","A","2011",92.09322,
"IND","INDPROD","TOT","IDX2015","A","2012",91.87247,
"IND","INDPROD","TOT","IDX2015","A","2013",93.31222,
"IND","INDPROD","TOT","IDX2015","A","2014",97.52522,
"IND","INDPROD","TOT","IDX2015","A","2015",100,
"IND","INDPROD","TOT","IDX2015","A","2016",105.2073,
"IND","INDPROD","TOT","IDX2015","A","2017",108.9342,
"IND","INDPROD","TOT","IDX2015","A","2018",114.5467,
"IND","INDPROD","TOT","IDX2015","A","2019",115.3053,
"ISR","INDPROD","TOT","IDX2015","A","1990",39.65744,
"ISR","INDPROD","TOT","IDX2015","A","1991",42.32256,
"ISR","INDPROD","TOT","IDX2015","A","1992",45.79477,
"ISR","INDPROD","TOT","IDX2015","A","1993",48.90697,
"ISR","INDPROD","TOT","IDX2015","A","1994",52.54756,
"ISR","INDPROD","TOT","IDX2015","A","1995",56.97781,
"ISR","INDPROD","TOT","IDX2015","A","1996",60.04357,
"ISR","INDPROD","TOT","IDX2015","A","1997",61.09452,
"ISR","INDPROD","TOT","IDX2015","A","1998",62.83643,
"ISR","INDPROD","TOT","IDX2015","A","1999",63.719,
"ISR","INDPROD","TOT","IDX2015","A","2000",70.11761,
"ISR","INDPROD","TOT","IDX2015","A","2001",66.64541,
"ISR","INDPROD","TOT","IDX2015","A","2002",65.39123,
"ISR","INDPROD","TOT","IDX2015","A","2003",65.18801,
"ISR","INDPROD","TOT","IDX2015","A","2004",69.71117,
"ISR","INDPROD","TOT","IDX2015","A","2005",73.25527,
"ISR","INDPROD","TOT","IDX2015","A","2006",79.89071,
"ISR","INDPROD","TOT","IDX2015","A","2007",84.28571,
"ISR","INDPROD","TOT","IDX2015","A","2008",90.1249,
"ISR","INDPROD","TOT","IDX2015","A","2009",84.879,
"ISR","INDPROD","TOT","IDX2015","A","2010",91.63154,
"ISR","INDPROD","TOT","IDX2015","A","2011",93.66901,
"ISR","INDPROD","TOT","IDX2015","A","2012",98.09524,
"ISR","INDPROD","TOT","IDX2015","A","2013",97.08821,
"ISR","INDPROD","TOT","IDX2015","A","2014",97.63466,
"ISR","INDPROD","TOT","IDX2015","A","2015",100,
"ISR","INDPROD","TOT","IDX2015","A","2016",99.71897,
"ISR","INDPROD","TOT","IDX2015","A","2017",101.4754,
"ISR","INDPROD","TOT","IDX2015","A","2018",103.9891,
"ISR","INDPROD","TOT","IDX2015","A","2019",108.064,
"LVA","INDPROD","TOT","IDX2015","A","2000",59.33333,
"LVA","INDPROD","TOT","IDX2015","A","2001",65.6,
"LVA","INDPROD","TOT","IDX2015","A","2002",70.11667,
"LVA","INDPROD","TOT","IDX2015","A","2003",75.60833,
"LVA","INDPROD","TOT","IDX2015","A","2004",81.025,
"LVA","INDPROD","TOT","IDX2015","A","2005",86.8,
"LVA","INDPROD","TOT","IDX2015","A","2006",92.43333,
"LVA","INDPROD","TOT","IDX2015","A","2007",93.48333,
"LVA","INDPROD","TOT","IDX2015","A","2008",90.51667,
"LVA","INDPROD","TOT","IDX2015","A","2009",74.05833,
"LVA","INDPROD","TOT","IDX2015","A","2010",85.03333,
"LVA","INDPROD","TOT","IDX2015","A","2011",92.725,
"LVA","INDPROD","TOT","IDX2015","A","2012",98.44167,
"LVA","INDPROD","TOT","IDX2015","A","2013",97.575,
"LVA","INDPROD","TOT","IDX2015","A","2014",96.51667,
"LVA","INDPROD","TOT","IDX2015","A","2015",100,
"LVA","INDPROD","TOT","IDX2015","A","2016",105.3917,
"LVA","INDPROD","TOT","IDX2015","A","2017",114.2,
"LVA","INDPROD","TOT","IDX2015","A","2018",115.8833,
"LVA","INDPROD","TOT","IDX2015","A","2019",116.9917,
"LTU","INDPROD","TOT","IDX2015","A","1998",57.73814,
"LTU","INDPROD","TOT","IDX2015","A","1999",50.4292,
"LTU","INDPROD","TOT","IDX2015","A","2000",50.29586,
"LTU","INDPROD","TOT","IDX2015","A","2001",56.28802,
"LTU","INDPROD","TOT","IDX2015","A","2002",59.64664,
"LTU","INDPROD","TOT","IDX2015","A","2003",68.28069,
"LTU","INDPROD","TOT","IDX2015","A","2004",76.24802,
"LTU","INDPROD","TOT","IDX2015","A","2005",81.64847,
"LTU","INDPROD","TOT","IDX2015","A","2006",86.41553,
"LTU","INDPROD","TOT","IDX2015","A","2007",88.73239,
"LTU","INDPROD","TOT","IDX2015","A","2008",91.80765,
"LTU","INDPROD","TOT","IDX2015","A","2009",78.80656,
"LTU","INDPROD","TOT","IDX2015","A","2010",83.74864,
"LTU","INDPROD","TOT","IDX2015","A","2011",89.24911,
"LTU","INDPROD","TOT","IDX2015","A","2012",92.75773,
"LTU","INDPROD","TOT","IDX2015","A","2013",95.6413,
"LTU","INDPROD","TOT","IDX2015","A","2014",95.78298,
"LTU","INDPROD","TOT","IDX2015","A","2015",100,
"LTU","INDPROD","TOT","IDX2015","A","2016",102.8502,
"LTU","INDPROD","TOT","IDX2015","A","2017",109.9675,
"LTU","INDPROD","TOT","IDX2015","A","2018",115.2763,
"LTU","INDPROD","TOT","IDX2015","A","2019",119.1683,
"RUS","INDPROD","TOT","IDX2015","A","1993",82.5409,
"RUS","INDPROD","TOT","IDX2015","A","1994",64.26394,
"RUS","INDPROD","TOT","IDX2015","A","1995",62.80355,
"RUS","INDPROD","TOT","IDX2015","A","1996",60.05542,
"RUS","INDPROD","TOT","IDX2015","A","1997",61.33214,
"RUS","INDPROD","TOT","IDX2015","A","1998",55.39229,
"RUS","INDPROD","TOT","IDX2015","A","1999",56.76853,
"RUS","INDPROD","TOT","IDX2015","A","2000",61.70592,
"RUS","INDPROD","TOT","IDX2015","A","2001",63.64781,
"RUS","INDPROD","TOT","IDX2015","A","2002",65.67422,
"RUS","INDPROD","TOT","IDX2015","A","2003",71.82607,
"RUS","INDPROD","TOT","IDX2015","A","2004",77.42224,
"RUS","INDPROD","TOT","IDX2015","A","2005",81.64286,
"RUS","INDPROD","TOT","IDX2015","A","2006",86.89714,
"RUS","INDPROD","TOT","IDX2015","A","2007",92.78545,
"RUS","INDPROD","TOT","IDX2015","A","2008",93.10514,
"RUS","INDPROD","TOT","IDX2015","A","2009",83.22439,
"RUS","INDPROD","TOT","IDX2015","A","2010",89.23908,
"RUS","INDPROD","TOT","IDX2015","A","2011",93.7371,
"RUS","INDPROD","TOT","IDX2015","A","2012",96.57716,
"RUS","INDPROD","TOT","IDX2015","A","2013",98.39124,
"RUS","INDPROD","TOT","IDX2015","A","2014",100.7183,
"RUS","INDPROD","TOT","IDX2015","A","2015",100.064,
"RUS","INDPROD","TOT","IDX2015","A","2016",101.5871,
"RUS","INDPROD","TOT","IDX2015","A","2017",105.6508,
"RUS","INDPROD","TOT","IDX2015","A","2018",109.3089,
"RUS","INDPROD","TOT","IDX2015","A","2019",112.8816,
"SVN","INDPROD","TOT","IDX2015","A","1992",66.4091,
"SVN","INDPROD","TOT","IDX2015","A","1993",64.58851,
"SVN","INDPROD","TOT","IDX2015","A","1994",68.72562,
"SVN","INDPROD","TOT","IDX2015","A","1995",70.10248,
"SVN","INDPROD","TOT","IDX2015","A","1996",70.82681,
"SVN","INDPROD","TOT","IDX2015","A","1997",71.50545,
"SVN","INDPROD","TOT","IDX2015","A","1998",74.08951,
"SVN","INDPROD","TOT","IDX2015","A","1999",73.70614,
"SVN","INDPROD","TOT","IDX2015","A","2000",78.28986,
"SVN","INDPROD","TOT","IDX2015","A","2001",80.56505,
"SVN","INDPROD","TOT","IDX2015","A","2002",82.50687,
"SVN","INDPROD","TOT","IDX2015","A","2003",83.66531,
"SVN","INDPROD","TOT","IDX2015","A","2004",87.75732,
"SVN","INDPROD","TOT","IDX2015","A","2005",90.80756,
"SVN","INDPROD","TOT","IDX2015","A","2006",95.958,
"SVN","INDPROD","TOT","IDX2015","A","2007",102.8586,
"SVN","INDPROD","TOT","IDX2015","A","2008",105.4505,
"SVN","INDPROD","TOT","IDX2015","A","2009",87.13226,
"SVN","INDPROD","TOT","IDX2015","A","2010",93.36611,
"SVN","INDPROD","TOT","IDX2015","A","2011",94.58288,
"SVN","INDPROD","TOT","IDX2015","A","2012",93.52446,
"SVN","INDPROD","TOT","IDX2015","A","2013",92.64105,
"SVN","INDPROD","TOT","IDX2015","A","2014",94.68289,
"SVN","INDPROD","TOT","IDX2015","A","2015",100,
"SVN","INDPROD","TOT","IDX2015","A","2016",106.6255,
"SVN","INDPROD","TOT","IDX2015","A","2017",114.8512,
"SVN","INDPROD","TOT","IDX2015","A","2018",120.6934,
"SVN","INDPROD","TOT","IDX2015","A","2019",124.4687,
"OECD","INDPROD","TOT","IDX2015","A","1990",67.64278,
"OECD","INDPROD","TOT","IDX2015","A","1991",67.39113,
"OECD","INDPROD","TOT","IDX2015","A","1992",67.38978,
"OECD","INDPROD","TOT","IDX2015","A","1993",67.19119,
"OECD","INDPROD","TOT","IDX2015","A","1994",70.23611,
"OECD","INDPROD","TOT","IDX2015","A","1995",72.84274,
"OECD","INDPROD","TOT","IDX2015","A","1996",74.97195,
"OECD","INDPROD","TOT","IDX2015","A","1997",78.98077,
"OECD","INDPROD","TOT","IDX2015","A","1998",80.72856,
"OECD","INDPROD","TOT","IDX2015","A","1999",83.05814,
"OECD","INDPROD","TOT","IDX2015","A","2000",87.4622,
"OECD","INDPROD","TOT","IDX2015","A","2001",85.67631,
"OECD","INDPROD","TOT","IDX2015","A","2002",86.02322,
"OECD","INDPROD","TOT","IDX2015","A","2003",87.56337,
"OECD","INDPROD","TOT","IDX2015","A","2004",90.64043,
"OECD","INDPROD","TOT","IDX2015","A","2005",93.1017,
"OECD","INDPROD","TOT","IDX2015","A","2006",96.72714,
"OECD","INDPROD","TOT","IDX2015","A","2007",100.0848,
"OECD","INDPROD","TOT","IDX2015","A","2008",98.09142,
"OECD","INDPROD","TOT","IDX2015","A","2009",86.26429,
"OECD","INDPROD","TOT","IDX2015","A","2010",93.05337,
"OECD","INDPROD","TOT","IDX2015","A","2011",95.82712,
"OECD","INDPROD","TOT","IDX2015","A","2012",96.54884,
"OECD","INDPROD","TOT","IDX2015","A","2013",97.21218,
"OECD","INDPROD","TOT","IDX2015","A","2014",99.43815,
"OECD","INDPROD","TOT","IDX2015","A","2015",100,
"OECD","INDPROD","TOT","IDX2015","A","2016",100.3599,
"OECD","INDPROD","TOT","IDX2015","A","2017",103.3519,
"OECD","INDPROD","TOT","IDX2015","A","2018",105.7115,
"OECD","INDPROD","TOT","IDX2015","A","2019",105.3984,
"OECDE","INDPROD","TOT","IDX2015","A","1990",72.21096,
"OECDE","INDPROD","TOT","IDX2015","A","1991",71.34052,
"OECDE","INDPROD","TOT","IDX2015","A","1992",70.67942,
"OECDE","INDPROD","TOT","IDX2015","A","1993",68.80707,
"OECDE","INDPROD","TOT","IDX2015","A","1994",71.96952,
"OECDE","INDPROD","TOT","IDX2015","A","1995",75.00776,
"OECDE","INDPROD","TOT","IDX2015","A","1996",75.78685,
"OECDE","INDPROD","TOT","IDX2015","A","1997",79.2302,
"OECDE","INDPROD","TOT","IDX2015","A","1998",81.98439,
"OECDE","INDPROD","TOT","IDX2015","A","1999",83.10741,
"OECDE","INDPROD","TOT","IDX2015","A","2000",87.41588,
"OECDE","INDPROD","TOT","IDX2015","A","2001",87.33023,
"OECDE","INDPROD","TOT","IDX2015","A","2002",87.37233,
"OECDE","INDPROD","TOT","IDX2015","A","2003",88.45792,
"OECDE","INDPROD","TOT","IDX2015","A","2004",91.10732,
"OECDE","INDPROD","TOT","IDX2015","A","2005",93.20929,
"OECDE","INDPROD","TOT","IDX2015","A","2006",97.55212,
"OECDE","INDPROD","TOT","IDX2015","A","2007",101.8692,
"OECDE","INDPROD","TOT","IDX2015","A","2008",100.385,
"OECDE","INDPROD","TOT","IDX2015","A","2009",87.31664,
"OECDE","INDPROD","TOT","IDX2015","A","2010",93.47086,
"OECDE","INDPROD","TOT","IDX2015","A","2011",97.37831,
"OECDE","INDPROD","TOT","IDX2015","A","2012",96.06458,
"OECDE","INDPROD","TOT","IDX2015","A","2013",96.09215,
"OECDE","INDPROD","TOT","IDX2015","A","2014",97.79327,
"OECDE","INDPROD","TOT","IDX2015","A","2015",100,
"OECDE","INDPROD","TOT","IDX2015","A","2016",101.6711,
"OECDE","INDPROD","TOT","IDX2015","A","2017",105.7837,
"OECDE","INDPROD","TOT","IDX2015","A","2018",107.3943,
"OECDE","INDPROD","TOT","IDX2015","A","2019",106.9245,
"G-7","INDPROD","TOT","IDX2015","A","1990",77.22507,
"G-7","INDPROD","TOT","IDX2015","A","1991",77.0716,
"G-7","INDPROD","TOT","IDX2015","A","1992",76.5897,
"G-7","INDPROD","TOT","IDX2015","A","1993",75.9956,
"G-7","INDPROD","TOT","IDX2015","A","1994",79.10847,
"G-7","INDPROD","TOT","IDX2015","A","1995",81.98546,
"G-7","INDPROD","TOT","IDX2015","A","1996",83.93501,
"G-7","INDPROD","TOT","IDX2015","A","1997",88.29205,
"G-7","INDPROD","TOT","IDX2015","A","1998",90.05473,
"G-7","INDPROD","TOT","IDX2015","A","1999",92.39544,
"G-7","INDPROD","TOT","IDX2015","A","2000",96.49789,
"G-7","INDPROD","TOT","IDX2015","A","2001",93.78847,
"G-7","INDPROD","TOT","IDX2015","A","2002",93.44452,
"G-7","INDPROD","TOT","IDX2015","A","2003",94.61192,
"G-7","INDPROD","TOT","IDX2015","A","2004",97.18919,
"G-7","INDPROD","TOT","IDX2015","A","2005",99.3914,
"G-7","INDPROD","TOT","IDX2015","A","2006",102.31,
"G-7","INDPROD","TOT","IDX2015","A","2007",105.1243,
"G-7","INDPROD","TOT","IDX2015","A","2008",102.0813,
"G-7","INDPROD","TOT","IDX2015","A","2009",87.49455,
"G-7","INDPROD","TOT","IDX2015","A","2010",94.61996,
"G-7","INDPROD","TOT","IDX2015","A","2011",96.91838,
"G-7","INDPROD","TOT","IDX2015","A","2012",97.56514,
"G-7","INDPROD","TOT","IDX2015","A","2013",98.25488,
"G-7","INDPROD","TOT","IDX2015","A","2014",100.4674,
"G-7","INDPROD","TOT","IDX2015","A","2015",100,
"G-7","INDPROD","TOT","IDX2015","A","2016",99.59964,
"G-7","INDPROD","TOT","IDX2015","A","2017",102.3783,
"G-7","INDPROD","TOT","IDX2015","A","2018",104.7753,
"G-7","INDPROD","TOT","IDX2015","A","2019",103.8525,
"EA19","INDPROD","TOT","IDX2015","A","1990",79.78443,
"EA19","INDPROD","TOT","IDX2015","A","1991",80.90675,
"EA19","INDPROD","TOT","IDX2015","A","1992",79.63997,
"EA19","INDPROD","TOT","IDX2015","A","1993",75.71465,
"EA19","INDPROD","TOT","IDX2015","A","1994",79.24827,
"EA19","INDPROD","TOT","IDX2015","A","1995",82.09851,
"EA19","INDPROD","TOT","IDX2015","A","1996",81.86516,
"EA19","INDPROD","TOT","IDX2015","A","1997",85.49046,
"EA19","INDPROD","TOT","IDX2015","A","1998",88.82407,
"EA19","INDPROD","TOT","IDX2015","A","1999",90.3742,
"EA19","INDPROD","TOT","IDX2015","A","2000",95.2496,
"EA19","INDPROD","TOT","IDX2015","A","2001",95.76631,
"EA19","INDPROD","TOT","IDX2015","A","2002",95.41628,
"EA19","INDPROD","TOT","IDX2015","A","2003",95.70798,
"EA19","INDPROD","TOT","IDX2015","A","2004",97.78315,
"EA19","INDPROD","TOT","IDX2015","A","2005",99.42495,
"EA19","INDPROD","TOT","IDX2015","A","2006",103.4836,
"EA19","INDPROD","TOT","IDX2015","A","2007",107.3923,
"EA19","INDPROD","TOT","IDX2015","A","2008",105.5005,
"EA19","INDPROD","TOT","IDX2015","A","2009",89.91582,
"EA19","INDPROD","TOT","IDX2015","A","2010",96.38303,
"EA19","INDPROD","TOT","IDX2015","A","2011",99.69164,
"EA19","INDPROD","TOT","IDX2015","A","2012",97.24977,
"EA19","INDPROD","TOT","IDX2015","A","2013",96.49971,
"EA19","INDPROD","TOT","IDX2015","A","2014",97.50813,
"EA19","INDPROD","TOT","IDX2015","A","2015",100,
"EA19","INDPROD","TOT","IDX2015","A","2016",101.5835,
"EA19","INDPROD","TOT","IDX2015","A","2017",104.6004,
"EA19","INDPROD","TOT","IDX2015","A","2018",105.3254,
"EA19","INDPROD","TOT","IDX2015","A","2019",103.9587,
"EU27_2020","INDPROD","TOT","IDX2015","A","1990",76.93008,
"EU27_2020","INDPROD","TOT","IDX2015","A","1991",77.99167,
"EU27_2020","INDPROD","TOT","IDX2015","A","1992",76.825,
"EU27_2020","INDPROD","TOT","IDX2015","A","1993",72.96667,
"EU27_2020","INDPROD","TOT","IDX2015","A","1994",76.375,
"EU27_2020","INDPROD","TOT","IDX2015","A","1995",79.11667,
"EU27_2020","INDPROD","TOT","IDX2015","A","1996",78.94167,
"EU27_2020","INDPROD","TOT","IDX2015","A","1997",82.44167,
"EU27_2020","INDPROD","TOT","IDX2015","A","1998",85.66666,
"EU27_2020","INDPROD","TOT","IDX2015","A","1999",87.14167,
"EU27_2020","INDPROD","TOT","IDX2015","A","2000",91.825,
"EU27_2020","INDPROD","TOT","IDX2015","A","2001",92.40833,
"EU27_2020","INDPROD","TOT","IDX2015","A","2002",92.23333,
"EU27_2020","INDPROD","TOT","IDX2015","A","2003",92.91666,
"EU27_2020","INDPROD","TOT","IDX2015","A","2004",95.29166,
"EU27_2020","INDPROD","TOT","IDX2015","A","2005",97.11667,
"EU27_2020","INDPROD","TOT","IDX2015","A","2006",101.5,
"EU27_2020","INDPROD","TOT","IDX2015","A","2007",105.675,
"EU27_2020","INDPROD","TOT","IDX2015","A","2008",103.825,
"EU27_2020","INDPROD","TOT","IDX2015","A","2009",88.81667,
"EU27_2020","INDPROD","TOT","IDX2015","A","2010",95.29166,
"EU27_2020","INDPROD","TOT","IDX2015","A","2011",98.70834,
"EU27_2020","INDPROD","TOT","IDX2015","A","2012",96.73333,
"EU27_2020","INDPROD","TOT","IDX2015","A","2013",96.08334,
"EU27_2020","INDPROD","TOT","IDX2015","A","2014",97.28333,
"EU27_2020","INDPROD","TOT","IDX2015","A","2015",100,
"EU27_2020","INDPROD","TOT","IDX2015","A","2016",101.7083,
"EU27_2020","INDPROD","TOT","IDX2015","A","2017",105.1667,
"EU27_2020","INDPROD","TOT","IDX2015","A","2018",106.4167,
"EU27_2020","INDPROD","TOT","IDX2015","A","2019",105.6333,
